WC,WPS,Sixltr,Dic,function,pronoun,ppron,i,we,you,shehe,they,youpl,ipron,prep,auxverb,adverb,conj,negate,quanunit,prepend,specart,particle,modal_pa,general_pa,compare,interrog,number,quant,affect,posemo,negemo,anx,anger,sad,social,family,friend,female,male,cogproc,insight,cause,discrep,tentat,certain,differ,percept,see,hear,feel,bio,body,health,sexual,ingest,drives,affiliation,achieve,power,reward,risk,tensem,focuspast,focuspresent,focusfuture,progm,relativ,motion,space,time,work,leisure,home,money,relig,death,informal,swear,netspeak,assent,nonflu,filler,AllPunc,Period,Comma,QMark,Exclam,Apostro,OtherP,Emoji,row_index
16100,104.55,0.5,61.63,36.36,4.79,2.95,1.78,0.45,0.36,0.23,0.12,0.01,1.84,3.65,4.69,9.5,2.34,1.84,0.88,1.57,0.53,8.04,0.82,7.22,4.58,0.91,5.42,1.72,5.83,3.66,1.49,0.19,0.23,0.14,5.65,0.48,0.42,0.26,0.15,11.91,3.55,1.3,2.37,2.43,2.34,1.84,2.63,1.02,0.61,0.31,1.8,0.72,0.3,0.11,0.72,5.98,1.71,1.32,1.98,0.93,0.75,3.89,0.43,0.53,1.22,1.77,12.38,4.37,4.99,6.56,2.17,1.24,0.25,0.45,0.16,0.12,5.17,0.12,0.61,3.4,0.32,1.01,25.25,1.25,1.53,0.0,0.02,3.11,19.35,2.22,0
7272,346.29,0.33,60.27,39.14,6.22,3.7,1.87,0.43,1.11,0.26,0.01,0.01,2.52,3.2,4.55,10.82,2.28,1.6,0.45,1.2,0.78,9.27,1.46,7.81,3.89,0.74,2.12,1.77,7.62,5.38,1.22,0.18,0.1,0.21,6.38,0.25,0.61,0.15,0.14,13.31,4.47,1.17,2.3,2.39,3.01,1.58,2.31,0.92,0.77,0.33,1.84,0.33,0.96,0.07,0.5,6.67,2.02,1.36,1.77,1.72,0.56,4.79,0.52,0.51,1.11,2.74,11.58,3.88,4.24,6.67,1.61,2.15,0.07,0.28,0.17,0.11,7.03,0.07,0.22,5.69,0.48,0.94,29.88,0.43,1.71,0.04,0.55,3.47,23.69,2.23,1
2824,941.33,0.18,69.83,45.54,7.58,6.23,3.65,0.25,1.38,0.85,0.11,0.0,1.35,2.94,5.7,12.36,2.44,2.3,1.2,1.35,0.78,10.52,2.27,8.25,4.39,0.99,3.51,1.66,8.57,6.3,1.63,0.28,0.11,0.14,8.39,0.67,0.35,0.53,0.07,14.59,5.38,1.03,3.05,2.37,2.87,2.23,3.65,1.38,0.92,0.28,3.29,0.78,0.25,0.74,1.7,6.44,1.88,1.17,1.45,2.09,0.74,6.52,0.74,1.35,1.42,3.12,11.69,3.33,3.36,7.37,1.31,1.42,0.14,0.85,0.42,0.07,9.56,0.0,0.64,7.26,1.13,1.52,20.79,0.21,5.03,0.0,0.0,10.06,5.49,7.12,2
3123,24.59,22.86,21.13,10.63,1.63,1.22,0.29,0.06,0.67,0.16,0.03,0.0,0.42,0.99,1.28,2.72,0.61,0.58,0.48,0.22,0.29,2.27,0.48,1.79,0.99,0.29,2.18,0.45,3.65,2.75,0.58,0.0,0.03,0.03,2.37,0.1,0.19,0.03,0.06,2.88,0.8,0.19,0.93,0.67,0.48,0.54,0.86,0.26,0.22,0.1,1.57,0.45,0.26,0.19,0.8,1.47,0.58,0.19,0.32,0.26,0.16,0.9,0.06,0.1,0.42,0.35,2.95,0.83,1.09,1.44,0.32,0.26,0.03,0.35,0.06,0.0,2.82,0.13,0.96,1.15,0.16,0.48,66.44,3.01,8.04,0.03,1.7,14.6,39.07,3.2,3
1114,278.5,0.27,57.72,33.12,3.77,2.33,1.89,0.09,0.09,0.09,0.18,0.0,1.44,3.32,5.39,9.07,2.42,2.24,0.63,0.9,0.27,7.18,1.53,5.66,4.22,0.81,1.97,1.44,6.37,3.41,1.97,0.18,0.09,0.27,3.77,0.27,0.54,0.27,0.45,11.76,3.59,0.99,3.95,2.6,1.97,2.06,4.4,1.44,0.27,1.26,5.12,0.63,0.27,0.72,3.5,4.85,1.53,0.9,0.9,1.26,0.81,4.04,0.9,0.45,1.08,1.8,10.86,3.59,4.04,5.39,1.35,2.87,0.72,1.26,0.0,0.0,6.46,0.0,1.08,4.76,0.18,0.72,42.01,2.6,8.08,0.0,0.27,16.43,14.63,1.17,4
1252,417.33,1.12,51.6,24.36,1.28,0.72,0.64,0.0,0.08,0.0,0.0,0.0,0.56,1.76,2.32,7.35,1.92,1.84,4.47,0.48,0.08,4.31,0.16,4.15,2.4,0.4,4.55,2.32,7.67,4.95,2.32,0.32,0.08,0.4,2.8,0.16,0.24,0.16,0.0,10.46,2.96,1.36,1.36,2.16,1.84,1.92,3.59,0.64,0.08,1.44,4.31,3.35,0.88,0.08,0.48,6.79,0.72,2.64,2.48,2.0,0.4,2.08,0.16,0.16,0.96,0.8,11.9,3.12,4.55,5.67,1.6,0.88,0.16,0.4,0.0,0.0,3.19,0.0,0.4,2.48,0.0,0.48,19.81,0.4,1.52,0.0,0.0,3.19,14.7,4.55,5
408,68.0,5.64,48.53,28.19,3.43,1.96,1.47,0.0,0.49,0.0,0.0,0.0,1.47,2.45,3.92,8.33,1.96,2.7,1.23,0.0,0.98,4.9,1.47,3.43,3.92,0.74,3.92,1.72,5.88,2.94,2.45,0.49,0.74,0.0,3.92,0.0,0.25,0.0,0.0,10.05,2.21,0.98,1.23,2.94,2.21,2.45,4.41,1.47,1.96,0.0,0.98,0.0,0.25,0.0,0.74,4.66,0.49,0.74,0.98,0.49,1.96,3.43,0.98,0.49,1.23,0.98,9.31,1.96,3.19,4.66,0.74,0.74,0.0,0.0,0.49,0.25,5.64,0.98,0.49,2.45,0.98,1.23,44.61,5.15,11.27,0.25,0.0,20.59,7.35,1.47,6
2808,234.0,0.68,63.25,38.46,4.42,2.71,1.78,0.21,0.5,0.21,0.0,0.0,1.71,3.88,4.49,11.22,3.31,1.71,0.61,1.46,0.39,8.23,1.57,6.66,4.31,1.1,2.81,1.99,7.73,5.38,1.42,0.25,0.07,0.36,4.56,0.21,0.25,0.04,0.04,13.43,4.52,1.46,2.24,3.13,2.64,1.78,3.42,1.03,1.1,0.43,2.35,0.68,0.53,0.04,1.14,4.81,0.75,1.28,1.42,1.67,0.53,4.95,0.93,0.64,1.46,2.07,12.96,4.06,4.95,7.16,2.17,2.03,0.5,0.28,0.21,0.21,6.27,0.07,0.53,4.74,0.57,0.89,23.43,0.5,3.17,0.0,0.0,6.3,13.46,4.88,7
368,40.89,0.82,49.18,29.35,3.53,2.45,1.09,0.27,0.54,0.54,0.0,0.0,1.09,2.45,4.62,7.34,1.9,1.09,1.63,2.17,0.27,4.89,0.82,4.08,2.72,0.0,1.36,1.09,4.08,3.26,0.54,0.0,0.54,0.0,2.72,0.0,0.0,0.0,0.0,10.05,4.08,0.82,2.17,1.63,1.63,1.09,1.36,0.54,0.54,0.0,1.36,0.27,0.0,0.0,1.09,5.16,0.54,0.82,2.72,1.09,0.27,4.62,1.63,1.36,0.27,1.63,14.13,2.99,7.61,7.07,1.63,0.82,1.09,0.82,0.27,0.54,4.62,0.0,1.09,2.99,1.09,0.27,69.57,1.63,16.3,0.54,0.0,33.15,17.93,10.87,8
2819,148.37,1.28,59.81,36.82,4.01,2.55,1.49,0.46,0.39,0.07,0.07,0.07,1.45,3.55,4.54,10.61,3.05,1.6,0.92,1.14,0.57,8.09,0.89,7.2,4.51,1.17,5.18,2.02,7.31,4.93,1.49,0.14,0.18,0.25,4.4,0.07,0.25,0.07,0.04,12.77,4.19,1.31,2.52,2.77,2.63,1.42,2.84,0.78,0.64,0.28,1.92,0.32,0.28,0.11,1.28,5.57,1.74,1.53,0.85,1.81,0.53,4.93,0.67,0.78,1.35,2.27,11.25,3.48,4.97,6.39,1.45,1.56,0.39,0.21,0.11,0.32,5.71,0.07,0.35,4.61,0.18,0.71,30.15,0.92,4.22,0.0,0.0,8.73,16.28,6.95,9
587,29.35,0.85,73.59,48.38,8.35,6.47,4.09,0.17,2.04,0.17,0.0,0.0,1.87,4.77,7.16,12.61,1.87,4.26,1.02,1.19,2.39,8.35,3.07,5.28,6.81,2.21,5.11,1.53,7.5,4.09,2.39,0.34,0.51,0.17,7.16,0.34,0.34,0.17,0.0,14.14,4.43,0.85,5.45,3.07,1.7,1.7,5.62,0.51,2.56,0.51,2.21,0.68,0.0,0.0,1.53,4.43,0.51,1.19,1.36,0.85,1.02,5.11,1.19,0.85,1.19,1.87,11.58,3.75,5.45,6.13,1.7,1.19,0.34,0.68,0.17,0.0,7.5,0.0,0.51,4.43,0.68,1.36,38.33,3.58,8.52,0.0,0.0,17.89,8.35,2.39,10
1389,347.25,0.5,60.19,35.28,2.45,1.44,0.94,0.0,0.43,0.07,0.0,0.0,1.01,3.67,6.34,10.73,1.66,2.09,0.79,0.72,0.5,8.06,2.02,6.05,4.75,1.15,3.46,1.58,7.13,3.96,2.23,0.65,0.5,0.43,4.39,0.43,0.22,0.07,0.36,13.25,4.61,1.15,3.74,2.81,2.23,1.73,3.31,1.44,0.94,0.5,1.94,0.65,0.65,0.29,0.72,5.11,0.5,1.73,1.8,1.44,0.79,4.03,0.72,0.65,1.37,1.37,12.38,3.82,4.18,6.55,1.44,1.44,0.29,1.51,0.14,0.07,5.62,0.14,0.72,3.53,0.65,1.01,24.33,0.43,4.18,0.0,0.0,8.78,10.94,5.26,11
3381,153.68,0.56,63.41,40.46,6.54,4.5,2.43,0.21,0.5,1.27,0.09,0.0,2.04,3.55,5.56,8.61,3.02,2.4,0.92,1.57,0.95,9.05,0.74,8.31,3.76,0.56,1.66,1.69,5.92,3.28,2.04,0.21,0.44,0.44,7.42,0.92,0.5,0.3,0.27,11.48,3.58,1.21,2.43,1.77,1.57,2.48,3.31,0.95,1.15,0.53,1.89,0.68,0.68,0.12,0.71,6.39,1.63,1.21,3.19,0.53,0.62,3.31,0.38,0.71,0.71,1.6,11.74,4.23,5.41,4.88,2.28,2.07,0.41,0.71,0.06,0.12,4.76,0.09,0.68,2.6,0.53,1.39,15.26,0.95,1.6,0.09,0.0,3.31,9.32,0.03,12
1969,218.78,0.71,58.46,33.47,3.86,2.13,1.37,0.0,0.71,0.0,0.05,0.0,1.73,2.79,3.86,10.16,2.39,1.37,1.02,0.71,0.36,7.97,0.96,7.01,2.95,0.51,5.03,1.12,8.23,5.69,1.88,0.41,0.41,0.51,3.4,0.15,0.3,0.05,0.1,10.61,4.82,0.71,2.29,2.44,2.44,0.66,4.37,1.22,0.61,0.61,4.32,1.22,0.56,0.15,2.49,4.52,0.66,1.12,0.86,1.83,0.56,4.62,0.71,1.02,0.61,2.39,11.68,3.86,3.15,5.84,1.27,2.59,0.51,0.61,0.1,0.3,6.65,0.05,0.41,5.64,0.05,0.36,29.61,1.68,4.16,0.1,0.96,8.68,14.02,5.49,13
432,144.0,0.93,52.55,23.61,1.62,0.46,0.46,0.0,0.0,0.0,0.0,0.0,1.16,1.62,2.78,7.41,2.31,1.85,0.93,0.69,0.0,6.02,0.0,6.02,2.31,0.0,0.93,0.69,8.1,5.56,1.85,0.0,0.0,0.23,3.94,0.46,0.0,0.23,0.0,13.89,3.24,3.24,2.08,1.16,2.31,2.55,3.94,0.46,0.23,0.69,5.79,3.01,1.85,0.0,1.62,6.71,0.93,3.24,1.85,1.39,0.23,3.01,0.0,0.69,0.69,1.62,9.49,3.7,2.55,5.09,1.62,1.16,1.85,0.46,0.0,0.0,4.17,0.0,0.23,3.24,0.0,0.69,10.88,0.46,0.46,0.0,0.0,2.31,7.64,0.69,14
131,21.83,2.29,55.73,22.9,3.82,1.53,1.53,0.0,0.0,0.0,0.0,0.0,2.29,3.05,1.53,3.05,0.76,0.0,0.76,2.29,0.0,7.63,0.76,6.87,3.82,0.0,9.16,2.29,5.34,4.58,0.0,0.0,0.0,0.0,4.58,0.76,0.76,0.76,0.0,3.05,0.76,0.0,0.76,2.29,0.0,0.0,6.87,2.29,0.0,0.76,3.82,0.76,0.0,0.76,3.05,6.87,3.82,0.0,3.05,0.0,0.0,3.05,0.76,1.53,0.76,0.0,10.69,5.34,6.11,5.34,3.05,1.53,0.0,0.0,0.0,0.0,4.58,0.0,2.29,2.29,0.0,0.0,58.02,3.05,11.45,0.76,0.0,27.48,15.27,1.53,15
1482,370.5,0.94,56.21,33.54,3.1,1.89,1.48,0.0,0.2,0.13,0.07,0.0,1.21,2.43,5.2,8.37,1.82,2.09,1.69,0.81,0.67,8.91,1.69,7.22,3.37,1.15,2.97,2.02,5.6,3.64,1.21,0.0,0.13,0.2,3.1,0.4,0.07,0.2,0.13,11.81,5.26,1.08,2.77,2.9,1.48,1.75,3.1,1.35,0.27,0.4,3.64,0.81,1.01,0.07,1.89,4.18,0.27,1.15,1.42,0.94,1.01,5.4,0.34,0.81,0.61,3.64,11.94,3.37,3.71,6.88,0.88,1.69,0.4,0.81,0.13,0.27,7.89,0.07,0.81,6.28,0.67,0.61,49.87,1.35,10.73,0.07,0.0,21.86,15.86,5.4,16
122,122.0,0.0,79.51,61.48,15.57,13.93,8.2,0.0,4.1,0.82,0.82,0.0,1.64,5.74,7.38,13.11,3.28,2.46,0.0,0.82,2.46,11.48,5.74,5.74,4.92,6.56,1.64,0.0,11.48,3.28,3.28,0.0,0.0,0.82,10.66,0.0,0.0,0.0,0.0,14.75,7.38,4.1,3.28,4.92,1.64,0.0,4.92,0.82,3.28,0.0,1.64,0.82,0.0,0.82,0.0,3.28,0.82,2.46,1.64,0.0,0.0,4.1,1.64,0.0,0.0,2.46,10.66,2.46,3.28,5.74,2.46,1.64,0.0,0.0,0.0,0.82,13.11,0.0,0.82,9.84,4.92,3.28,71.31,2.46,19.67,0.0,0.0,44.26,4.92,5.74,17
243,121.5,5.76,31.69,14.4,4.53,3.29,1.65,0.41,1.23,0.0,0.0,0.0,1.23,1.23,1.65,3.29,0.82,1.23,0.41,0.41,0.0,2.06,0.0,2.06,2.06,0.0,8.23,0.82,4.53,3.29,0.82,0.0,0.82,0.0,4.12,0.0,0.0,0.0,0.0,3.29,0.41,0.0,0.82,0.41,0.82,1.65,1.65,0.41,0.0,0.0,1.23,0.0,0.0,0.41,0.82,3.29,1.23,0.41,0.82,0.0,0.82,0.0,0.0,0.0,0.0,0.0,4.94,2.06,2.88,2.06,0.0,0.0,0.0,0.0,0.0,0.0,2.47,0.0,1.23,0.41,0.41,0.82,90.12,6.17,21.4,0.0,0.0,44.44,18.11,23.46,18
142,35.5,4.23,57.04,27.46,3.52,2.82,2.11,0.0,0.7,0.0,0.0,0.0,0.7,2.11,4.23,9.15,0.0,2.11,1.41,0.0,0.7,4.93,0.7,4.23,2.11,0.7,5.63,0.7,11.97,7.04,4.23,0.0,0.7,0.0,2.82,0.0,0.0,0.0,0.0,9.15,5.63,0.0,1.41,0.7,2.11,0.7,2.82,0.7,0.0,1.41,4.23,0.7,2.11,0.7,2.11,5.63,0.7,0.0,2.11,1.41,1.41,4.93,0.0,1.41,0.7,2.82,9.15,2.82,2.11,4.23,0.7,3.52,0.0,0.0,0.0,0.0,6.34,0.7,1.41,4.93,0.0,0.0,115.49,3.52,33.8,0.0,0.0,66.2,11.97,21.83,19
299,299.0,0.33,63.21,38.13,8.03,7.02,4.35,0.33,1.34,1.0,0.0,0.0,1.0,3.68,3.34,11.37,2.68,1.0,0.67,0.67,0.0,7.69,2.68,5.02,4.35,0.0,1.34,1.0,4.35,3.01,0.67,0.0,0.33,0.0,6.69,0.0,0.33,0.0,0.0,9.03,3.34,1.34,1.67,0.0,2.34,1.0,4.68,1.0,1.67,0.67,4.01,1.34,0.67,0.33,2.01,5.69,2.01,1.0,1.34,1.0,0.33,4.68,1.0,1.0,1.0,1.67,16.05,5.35,4.68,10.03,3.34,0.33,0.0,0.33,0.33,0.33,7.02,0.0,0.0,5.69,1.0,1.0,45.48,0.0,13.04,0.33,0.0,28.09,4.01,1.67,20
179,179.0,0.56,67.6,35.2,4.47,2.79,2.23,0.0,0.56,0.0,0.0,0.0,1.68,1.12,4.47,13.41,0.0,2.23,0.0,0.0,0.56,9.5,5.59,3.91,1.68,0.56,2.79,1.68,11.73,7.26,2.79,0.56,0.0,0.0,2.23,0.0,0.56,0.56,0.0,7.82,3.91,0.0,2.23,3.35,2.23,0.56,7.26,1.68,0.56,1.12,10.06,6.15,1.12,0.0,2.79,6.7,0.0,0.0,2.23,4.47,0.0,4.47,0.56,1.12,0.56,2.23,8.94,2.79,2.79,4.47,0.0,1.12,3.91,1.68,0.0,0.56,10.61,0.0,1.12,8.94,0.56,0.0,74.86,1.12,18.99,0.0,0.0,41.34,13.41,25.7,21
1043,149.0,0.29,67.59,40.94,4.12,2.97,1.92,0.19,0.1,0.67,0.1,0.0,1.15,3.07,5.66,12.94,3.74,2.88,0.19,1.25,1.05,8.34,1.34,7.0,3.74,1.44,2.49,2.3,9.01,4.79,3.45,0.67,0.48,0.29,6.71,0.19,0.19,0.0,0.1,17.83,5.18,1.05,4.22,5.85,2.49,3.07,3.74,1.15,1.44,0.58,2.3,0.86,0.38,0.19,0.77,6.42,1.53,2.21,1.44,1.44,0.77,5.85,0.86,0.86,2.3,2.01,10.74,3.16,3.74,6.14,2.68,1.53,0.58,0.38,0.1,0.58,6.23,0.0,0.29,4.03,0.58,1.53,22.53,1.73,5.27,0.0,0.0,10.74,4.79,0.67,22
1240,413.33,0.81,65.4,42.98,8.87,7.34,4.92,0.4,1.05,0.89,0.08,0.0,1.53,4.35,6.05,11.37,2.42,2.18,0.65,1.37,1.13,6.13,1.69,4.44,5.08,1.94,1.53,1.45,8.55,3.47,3.47,0.81,0.81,0.4,6.94,0.16,0.4,0.16,0.16,11.61,3.87,1.53,2.82,3.31,1.45,1.37,3.47,0.97,1.45,0.24,2.5,0.89,0.48,0.48,0.73,6.29,1.45,1.05,2.34,1.05,0.65,3.79,0.56,0.65,1.53,1.21,12.1,3.79,4.76,7.1,2.66,1.37,0.48,0.16,0.16,0.48,7.66,0.65,1.05,4.11,1.05,1.61,23.23,0.24,4.03,0.0,0.24,8.47,10.24,1.94,23
265,265.0,0.38,64.15,44.91,8.3,6.04,4.15,0.38,1.13,0.38,0.0,0.0,2.26,1.13,4.53,8.68,1.51,1.89,0.38,1.13,2.64,16.6,9.06,7.55,1.51,1.13,1.13,1.13,9.43,6.04,3.02,0.0,0.75,0.0,7.55,0.0,0.0,0.0,0.0,12.83,4.91,1.13,2.64,3.4,1.89,1.13,3.4,0.38,1.13,0.0,3.77,1.89,0.0,0.0,1.89,7.17,1.51,1.13,3.77,1.89,0.38,3.02,0.0,0.38,0.0,2.64,5.66,1.51,1.89,1.89,1.89,1.13,1.13,0.38,0.0,0.0,13.21,0.0,0.38,11.32,6.42,0.38,55.85,1.13,13.58,0.0,0.0,29.43,11.7,3.02,24
9823,175.41,0.78,62.1,36.31,5.81,3.48,2.47,0.36,0.22,0.25,0.14,0.03,2.33,3.58,4.35,9.02,2.02,1.66,1.07,1.24,0.63,8.28,1.12,7.16,4.12,0.65,6.01,1.75,6.67,4.28,1.58,0.27,0.24,0.24,5.43,0.17,0.25,0.16,0.05,10.77,3.22,0.98,2.23,2.57,1.88,1.56,3.52,1.36,1.35,0.37,1.8,0.53,0.58,0.25,0.46,5.57,1.3,1.58,1.81,1.29,0.56,4.02,0.58,0.8,1.28,1.37,11.34,3.56,4.46,6.15,2.17,1.93,0.27,0.24,0.14,0.07,4.54,0.14,0.3,3.14,0.42,1.15,26.09,0.88,1.25,0.0,0.03,2.58,21.36,1.14,25
4503,409.36,0.04,54.34,27.51,2.53,1.73,1.38,0.04,0.0,0.31,0.0,0.0,0.8,1.55,4.4,7.22,3.35,1.64,1.02,0.69,0.53,5.75,0.47,5.29,3.4,0.76,3.58,2.07,5.26,4.15,0.73,0.04,0.11,0.07,1.51,0.04,0.02,0.02,0.0,8.44,2.35,0.4,1.87,2.86,1.15,1.91,7.08,0.44,0.24,0.93,13.75,1.4,0.16,0.27,12.44,2.47,0.16,0.4,0.98,0.91,0.29,1.8,0.13,0.51,0.56,0.6,7.31,2.31,2.66,2.91,0.42,0.76,0.22,1.02,0.02,0.09,4.75,0.09,1.04,2.4,0.58,0.82,22.32,0.42,1.2,0.0,0.0,2.53,18.17,0.67,26
15678,241.2,0.92,54.79,30.42,3.23,1.95,1.02,0.27,0.5,0.11,0.02,0.02,1.28,2.79,3.73,8.31,1.62,1.81,1.4,1.38,0.69,6.83,0.86,5.97,3.22,0.73,3.34,1.93,6.38,4.08,1.71,0.2,0.18,0.28,4.41,0.48,0.3,0.26,0.18,9.62,2.33,0.76,2.23,1.82,2.2,1.36,2.74,0.89,0.51,0.4,2.18,0.59,0.53,0.16,1.03,5.42,1.28,1.28,1.84,1.08,0.68,3.75,0.48,0.46,1.39,1.51,13.31,3.77,5.37,6.97,1.75,1.66,0.37,0.67,0.26,0.22,4.23,0.08,0.38,3.07,0.36,0.62,27.23,0.68,3.8,0.01,0.0,7.64,15.1,4.68,27
8252,206.3,0.19,60.86,35.09,3.68,1.89,1.01,0.39,0.19,0.24,0.04,0.02,1.79,2.62,4.19,9.99,3.21,1.93,1.09,2.33,0.39,7.15,0.39,6.76,4.7,0.88,3.49,1.79,4.74,2.78,1.53,0.12,0.16,0.21,4.17,0.41,0.15,0.11,0.13,10.77,3.57,0.98,1.88,2.31,1.84,1.51,2.57,0.53,0.45,0.47,4.21,0.95,0.74,0.12,2.52,6.1,0.87,1.35,3.07,0.73,0.55,5.49,0.52,1.28,1.67,2.11,15.1,5.32,5.26,8.49,3.22,1.61,0.58,0.36,0.27,0.11,4.17,0.1,0.33,2.86,0.21,0.81,15.73,0.7,0.76,0.0,0.0,1.6,12.66,0.08,28
156,15.6,25.0,16.67,8.97,2.56,2.56,2.56,0.0,0.0,0.0,0.0,0.0,0.0,0.64,1.28,1.92,0.64,0.64,0.0,0.0,0.0,1.92,0.64,1.28,1.28,0.64,2.56,0.0,1.28,1.28,0.0,0.0,0.0,0.0,1.28,0.0,0.0,0.0,0.0,3.85,1.28,0.0,1.28,1.92,0.64,0.0,1.28,0.0,0.64,0.0,0.64,0.0,0.0,0.0,0.64,0.0,0.0,0.0,0.0,0.0,0.0,0.64,0.0,0.0,0.0,0.64,1.92,0.0,0.64,1.92,0.64,0.0,0.0,0.64,0.0,0.0,1.92,0.0,0.0,1.28,0.64,0.64,42.31,0.64,8.97,0.0,5.13,15.38,12.18,1.92,29
1965,982.5,29.01,27.02,11.04,2.14,1.78,0.97,0.05,0.25,0.51,0.0,0.0,0.36,1.12,1.32,2.24,0.56,0.66,0.61,0.41,0.2,2.24,0.46,1.78,1.27,0.2,7.99,0.61,1.22,0.76,0.41,0.0,0.05,0.05,1.83,0.1,0.15,0.25,0.0,2.65,0.92,0.36,0.61,0.46,0.31,0.61,2.9,2.49,0.1,0.1,0.51,0.05,0.05,0.05,0.46,1.07,0.2,0.36,0.51,0.15,0.1,0.87,0.15,0.0,0.41,0.31,4.22,1.02,2.19,1.93,0.56,0.36,0.1,0.15,0.05,0.0,1.27,0.05,0.05,0.61,0.15,0.51,75.98,0.2,4.12,0.0,0.0,8.24,63.41,0.71,30
81,13.5,1.23,54.32,38.27,6.17,6.17,3.7,0.0,1.23,1.23,0.0,0.0,0.0,2.47,6.17,9.88,0.0,2.47,1.23,1.23,0.0,9.88,3.7,6.17,3.7,0.0,2.47,1.23,4.94,3.7,0.0,0.0,0.0,0.0,3.7,1.23,0.0,0.0,1.23,9.88,4.94,0.0,2.47,2.47,3.7,1.23,2.47,1.23,0.0,0.0,3.7,1.23,0.0,1.23,1.23,4.94,1.23,0.0,2.47,0.0,1.23,3.7,0.0,1.23,0.0,2.47,4.94,0.0,1.23,3.7,0.0,0.0,0.0,0.0,1.23,0.0,13.58,0.0,2.47,8.64,1.23,2.47,62.96,12.35,6.17,0.0,0.0,19.75,24.69,3.7,31
1392,73.26,0.22,62.72,38.94,4.67,3.59,2.3,0.22,0.65,0.36,0.07,0.0,1.08,2.3,5.89,11.35,2.66,3.02,1.01,0.93,0.57,8.69,1.87,6.82,3.88,0.86,4.02,1.65,8.19,4.53,3.02,0.22,0.29,0.29,5.53,0.14,0.5,0.22,0.22,15.73,4.6,0.79,3.52,3.38,3.95,2.16,2.66,1.22,1.08,0.36,2.44,0.93,0.72,0.72,0.07,5.82,1.72,1.29,2.23,0.93,0.5,4.89,0.29,0.5,2.16,2.01,7.9,2.08,3.66,4.24,3.02,1.44,0.07,0.36,0.07,0.22,6.68,0.14,0.43,4.96,0.43,1.08,33.26,4.81,4.81,0.0,0.0,10.13,13.51,2.87,32
893,893.0,0.67,63.72,41.32,9.07,7.61,3.36,0.34,1.46,2.35,0.11,0.0,1.46,3.36,5.82,10.97,1.79,2.46,0.67,1.23,1.01,6.49,1.79,4.7,4.7,1.12,0.9,2.24,7.61,3.92,2.35,0.22,0.22,0.56,9.74,0.34,0.34,0.67,0.56,12.88,3.7,1.9,3.58,2.91,2.24,1.57,4.14,1.68,1.46,0.45,2.24,0.67,0.9,0.34,0.22,5.82,1.9,1.34,2.35,0.78,0.11,3.36,0.67,0.45,1.34,1.01,11.2,4.82,3.7,5.38,1.12,1.57,0.22,0.22,0.9,0.11,4.48,0.11,0.45,2.8,0.56,0.67,24.3,0.34,4.37,0.0,0.0,9.18,10.41,4.14,33
1366,71.89,1.17,61.57,35.07,5.05,2.27,1.61,0.07,0.22,0.15,0.15,0.07,2.78,3.81,4.25,9.22,2.05,2.56,0.29,0.81,0.44,8.27,0.66,7.61,4.69,0.95,1.76,2.93,8.42,5.42,2.2,0.22,0.51,0.37,5.42,0.22,0.29,0.22,0.07,13.25,3.73,1.17,2.49,3.0,2.78,1.68,3.22,0.59,0.51,1.24,2.42,1.02,0.73,0.22,0.66,5.49,1.17,1.83,1.02,1.61,0.66,4.83,0.66,1.32,0.95,1.98,12.52,3.88,4.76,6.08,2.42,1.17,0.07,0.44,0.22,0.22,5.56,0.15,0.81,4.1,0.37,0.51,38.58,5.2,6.52,0.0,0.0,12.88,13.98,2.12,34
903,129.0,2.1,58.36,35.66,8.19,5.98,3.32,0.0,1.77,0.55,0.22,0.11,2.21,3.99,4.76,8.31,1.99,1.44,0.66,0.44,0.55,6.76,1.33,5.43,2.99,0.78,2.1,0.78,9.19,5.2,2.66,0.44,1.22,0.0,7.31,0.44,0.44,0.11,0.0,11.74,4.1,1.66,2.55,1.88,2.55,1.11,2.44,0.66,0.78,0.33,2.1,1.0,0.22,0.33,0.55,5.43,0.89,1.33,1.22,1.44,0.78,3.43,0.66,0.78,0.89,1.33,7.86,1.88,2.99,5.09,2.1,1.11,0.22,0.55,0.22,0.0,6.98,0.66,0.89,3.99,0.78,1.44,33.67,1.88,7.64,0.0,0.33,14.95,8.86,4.87,35
1549,57.37,1.23,64.3,35.38,5.23,3.36,0.9,1.03,1.16,0.19,0.06,0.0,1.87,4.0,5.04,8.52,1.68,1.61,0.9,1.29,0.45,7.55,1.23,6.33,4.0,0.71,6.46,1.55,6.39,4.65,0.84,0.13,0.13,0.13,8.2,0.19,0.58,0.0,0.0,12.65,3.74,1.55,3.23,2.65,2.39,0.9,2.32,0.71,0.84,0.13,1.87,0.26,0.32,0.32,0.9,7.94,3.68,1.81,1.42,1.36,0.71,4.33,0.65,0.71,1.74,1.29,13.88,4.45,5.68,8.39,3.29,2.39,0.19,0.58,0.13,0.06,4.91,0.13,0.58,3.49,0.65,0.71,30.92,1.74,4.13,0.13,0.0,8.2,16.72,5.49,36
744,372.0,1.08,67.47,45.7,9.68,8.2,3.09,0.27,2.55,2.28,0.0,0.0,1.48,4.17,7.12,8.47,1.88,1.48,0.94,1.34,0.4,11.42,4.03,7.39,5.11,0.94,1.61,0.94,7.66,5.38,1.21,0.13,0.4,0.13,10.48,0.27,0.27,0.13,0.27,15.46,5.24,2.02,5.78,4.17,1.48,1.88,2.02,0.94,0.54,0.54,1.48,0.81,0.27,0.27,0.13,5.78,1.34,1.75,2.02,1.75,0.0,4.84,0.4,0.27,2.15,2.15,8.6,2.69,2.96,5.11,1.61,1.48,0.0,0.54,0.67,0.27,6.99,0.13,1.34,4.84,1.08,1.08,31.45,1.75,6.59,0.0,0.0,14.11,9.01,4.03,37
270,135.0,4.07,48.52,28.89,2.22,0.74,0.37,0.0,0.0,0.37,0.0,0.0,1.48,0.74,5.56,5.56,1.85,2.59,1.85,0.74,0.37,8.89,0.74,8.15,2.59,0.0,4.07,1.11,7.04,2.22,4.44,0.0,0.74,1.11,4.07,0.0,0.0,0.0,0.0,9.26,4.07,1.11,1.85,2.59,1.48,0.74,1.48,0.74,0.0,0.74,2.96,1.48,0.37,0.0,1.11,4.81,0.37,0.37,2.96,0.0,2.59,1.85,0.0,0.37,0.37,1.11,7.04,1.85,2.59,3.33,0.74,1.11,0.0,0.0,0.0,0.0,4.07,0.37,0.37,1.48,0.37,1.48,42.59,0.74,10.74,0.74,0.0,22.96,7.41,0.37,38
1737,289.5,0.17,59.82,39.78,7.54,5.35,2.99,0.06,1.21,1.09,0.0,0.0,2.19,3.45,5.41,10.07,2.94,2.65,0.86,1.09,1.38,6.39,1.78,4.61,4.78,1.15,1.55,1.09,8.23,2.99,4.15,0.46,1.09,0.4,6.91,0.58,0.12,0.35,0.12,14.39,4.38,1.61,3.11,2.88,2.59,2.13,2.13,0.58,0.81,0.17,1.73,0.69,0.35,0.4,0.4,5.01,1.09,0.92,1.67,0.69,0.81,4.09,0.52,0.58,1.44,1.73,10.94,3.34,2.88,6.56,1.04,0.35,0.29,0.4,0.4,0.4,7.6,0.29,0.29,4.84,0.29,1.9,30.86,3.97,3.45,0.0,0.0,7.31,16.12,0.98,39
1112,111.2,0.9,56.03,30.76,3.69,2.79,2.25,0.09,0.27,0.18,0.0,0.0,0.9,2.7,5.13,8.9,3.24,2.7,0.36,0.45,0.18,5.67,0.9,4.77,3.69,1.17,4.05,2.25,6.38,4.41,1.35,0.45,0.09,0.27,2.43,0.27,0.09,0.0,0.0,11.42,2.79,1.17,2.52,2.52,1.53,2.97,5.04,0.54,0.36,0.99,5.85,0.63,0.18,0.18,4.86,5.04,0.54,1.26,1.53,1.17,0.9,3.06,0.36,0.63,0.9,1.17,8.9,3.06,3.15,4.05,0.81,0.63,0.36,0.9,0.09,0.0,4.5,0.0,0.72,3.42,0.27,0.45,39.03,3.24,5.67,0.09,0.0,11.96,18.08,3.42,40
108,21.6,5.56,31.48,14.81,1.85,0.93,0.0,0.0,0.0,0.0,0.0,0.93,0.93,1.85,1.85,3.7,0.0,0.93,0.93,0.93,0.0,3.7,0.93,2.78,3.7,0.0,8.33,0.93,0.93,0.0,0.0,0.0,0.0,0.0,5.56,0.0,0.0,0.93,0.0,4.63,0.0,0.0,0.93,0.0,2.78,0.93,0.0,0.0,0.0,0.0,1.85,0.0,0.0,0.0,1.85,2.78,0.93,0.0,0.93,0.0,0.93,0.93,0.0,0.0,0.93,0.0,2.78,0.93,2.78,1.85,0.93,0.93,0.93,0.0,0.0,0.0,1.85,0.0,0.93,0.93,0.0,0.0,125.93,6.48,29.63,0.0,0.0,62.04,27.78,64.81,41
16994,265.53,0.92,60.54,37.45,4.86,2.51,1.42,0.44,0.18,0.33,0.14,0.01,2.35,4.07,4.92,9.2,2.73,1.98,0.97,1.44,0.73,8.01,0.56,7.45,4.4,0.82,2.15,1.71,5.78,3.97,1.28,0.19,0.18,0.17,6.14,0.23,0.31,0.12,0.08,12.45,3.87,1.38,2.39,2.67,2.16,1.92,3.1,1.15,0.9,0.54,1.74,0.6,0.45,0.11,0.64,6.11,1.47,1.62,2.38,0.88,0.68,3.81,0.67,0.78,1.14,1.22,13.3,3.99,5.94,6.84,2.28,1.08,0.29,0.62,0.32,0.13,4.94,0.04,0.28,3.26,0.45,1.25,16.58,0.54,0.55,0.02,0.11,1.08,14.29,2.04,42
2200,169.23,2.68,64.68,40.41,7.45,5.64,3.0,1.5,0.64,0.23,0.23,0.05,1.82,3.32,5.09,9.0,3.0,1.27,0.77,1.59,1.09,8.77,0.55,8.23,4.36,0.59,3.41,2.0,7.32,4.95,1.5,0.32,0.09,0.32,6.95,0.23,0.45,0.0,0.0,12.95,3.91,1.32,2.95,2.91,2.05,1.59,2.55,0.73,1.14,0.41,1.5,0.32,0.59,0.14,0.36,8.09,2.86,2.59,2.59,1.23,0.64,5.91,0.82,0.77,2.09,2.32,12.91,4.59,5.36,7.64,3.23,2.05,0.14,0.14,0.14,0.18,5.0,0.05,0.09,3.73,0.41,1.09,18.32,1.05,3.95,0.0,0.0,7.41,5.91,0.95,43
8781,146.35,0.67,60.74,34.37,5.23,3.83,2.53,0.42,0.52,0.26,0.07,0.02,1.4,3.68,4.0,8.07,2.61,1.66,0.81,1.49,0.68,7.35,0.41,6.94,3.94,0.82,4.91,1.84,6.9,4.12,1.74,0.14,0.2,0.25,5.74,0.26,0.54,0.16,0.14,11.31,3.96,1.26,1.81,2.24,1.77,1.86,2.88,1.17,0.68,0.31,1.66,0.36,0.46,0.09,0.84,6.07,1.88,1.43,2.3,0.88,0.54,4.16,0.81,0.71,0.92,1.72,10.83,3.58,4.77,5.6,2.6,1.78,0.46,0.26,0.23,0.23,4.83,0.18,0.63,3.28,0.27,0.87,19.69,1.39,1.4,0.0,0.0,2.73,14.17,1.57,44
15424,514.13,0.71,55.19,31.63,4.21,2.79,1.69,0.35,0.45,0.21,0.06,0.04,1.42,3.39,3.68,7.73,2.24,1.53,1.09,1.15,0.62,7.06,0.77,6.3,3.53,0.64,2.99,1.54,5.94,3.87,1.42,0.29,0.22,0.2,4.86,0.3,0.46,0.15,0.16,10.08,2.89,0.99,1.9,1.94,1.82,1.82,2.75,0.75,0.5,0.38,3.07,0.49,0.49,0.23,1.89,5.48,1.65,1.33,1.72,1.04,0.45,3.26,0.44,0.45,0.89,1.5,11.61,3.85,4.69,5.77,1.52,1.96,0.47,0.56,0.18,0.14,4.51,0.12,0.44,3.23,0.47,0.73,24.13,0.26,1.34,0.01,0.02,2.69,19.81,4.12,45
5727,190.9,0.68,62.37,38.1,5.31,3.89,1.96,0.31,0.98,0.56,0.05,0.03,1.41,3.13,4.63,11.37,2.15,2.22,1.36,1.0,0.4,8.38,1.9,6.48,4.17,0.86,3.74,1.61,7.26,4.54,2.13,0.17,0.19,0.3,6.27,0.26,0.17,0.23,0.09,11.3,3.0,1.05,2.37,2.24,2.24,2.06,3.7,1.29,1.1,0.35,2.62,0.73,0.3,0.3,1.36,4.61,1.47,1.01,1.36,0.8,0.42,3.95,0.33,0.7,1.43,1.52,12.21,4.09,4.73,6.44,1.22,2.08,0.28,0.47,0.12,0.14,6.53,0.17,0.94,4.5,0.96,1.0,21.35,0.68,1.31,0.0,0.16,2.67,16.54,3.4,46
7179,358.95,0.54,66.81,44.14,6.94,3.72,2.05,0.32,0.78,0.18,0.21,0.18,3.22,4.49,5.56,13.44,2.45,1.64,0.52,1.09,0.81,8.51,1.18,7.33,5.93,1.23,1.1,2.27,7.15,4.42,1.64,0.21,0.33,0.18,6.53,0.29,0.29,0.04,0.07,15.36,4.0,1.31,3.15,3.19,4.04,1.94,2.94,0.98,0.98,0.54,1.69,0.85,0.38,0.11,0.43,5.67,1.32,1.74,1.7,1.13,0.52,4.11,0.49,0.68,1.52,1.49,13.15,3.93,5.15,7.17,2.38,1.82,0.2,0.24,0.25,0.15,6.09,0.22,0.43,4.23,0.5,1.31,12.97,1.23,1.18,0.0,0.01,2.38,8.16,1.74,47
20775,1598.08,0.18,65.27,41.72,5.04,2.51,1.53,0.09,0.52,0.27,0.06,0.04,2.53,3.57,6.06,11.65,2.19,2.75,0.55,1.08,1.28,9.6,1.49,8.11,4.96,1.65,1.34,2.42,8.41,4.41,2.99,0.43,0.39,0.51,6.14,0.15,0.2,0.06,0.02,15.69,4.61,1.54,3.32,3.58,2.46,2.67,2.97,1.02,1.03,0.53,1.77,0.42,0.95,0.23,0.32,6.61,1.09,2.15,2.32,1.45,0.99,4.29,0.64,0.75,1.27,1.7,12.13,3.82,4.13,6.51,2.84,0.58,0.16,0.39,0.26,0.13,5.82,0.06,0.26,3.8,0.81,1.42,15.89,0.12,0.6,0.0,0.0,1.14,14.03,0.85,48
18080,317.19,0.38,61.26,36.44,6.05,4.34,2.57,0.3,1.18,0.18,0.06,0.06,1.7,3.1,5.5,9.43,2.66,2.4,0.72,1.14,0.62,6.64,1.54,5.11,4.21,0.78,3.77,1.58,9.29,5.46,2.67,0.47,0.34,0.57,6.41,0.4,0.33,0.27,0.14,12.75,3.57,1.34,3.08,2.84,2.18,2.09,2.87,0.85,0.83,0.46,2.84,0.72,1.24,0.24,0.82,6.13,1.54,1.46,2.12,1.26,0.77,3.97,0.68,0.72,1.37,1.26,10.35,3.26,3.74,5.81,1.88,1.21,0.39,0.38,0.22,0.27,5.38,0.06,0.69,3.87,0.64,0.93,28.68,0.88,1.42,0.13,0.07,2.65,23.53,0.53,49
2405,267.22,2.7,47.73,27.19,2.99,2.25,1.91,0.0,0.25,0.08,0.0,0.0,0.75,3.2,4.24,6.74,1.62,1.25,1.37,1.37,0.29,5.28,0.21,5.07,3.28,0.12,3.49,0.96,3.83,2.54,0.75,0.08,0.04,0.0,2.33,0.08,0.21,0.21,0.0,8.07,2.29,1.16,2.04,1.54,1.04,1.16,2.54,0.79,0.12,0.5,4.03,1.87,0.62,0.04,1.66,3.62,0.67,0.87,1.33,0.91,0.29,2.41,0.33,0.62,0.42,1.04,10.23,2.62,4.53,5.2,0.67,1.04,0.21,1.0,0.04,0.0,4.32,0.04,0.58,2.49,0.21,1.37,24.78,0.42,2.04,0.04,0.0,3.95,18.34,3.78,50
574,95.67,1.74,65.16,39.55,6.79,4.18,2.96,0.0,0.52,0.7,0.0,0.0,2.61,2.79,6.45,11.15,2.09,1.57,0.87,1.05,0.35,7.49,1.57,5.92,4.18,0.7,6.62,0.52,6.45,3.31,2.61,0.35,0.35,0.52,4.7,0.17,0.17,0.35,0.0,13.24,3.66,0.35,4.18,2.09,3.66,1.39,3.48,1.39,0.87,0.35,3.14,1.22,0.52,0.52,1.05,5.75,1.05,1.22,1.74,1.22,0.87,5.23,0.52,0.7,1.57,2.44,9.58,3.83,2.61,5.92,2.44,1.74,0.52,0.7,0.35,0.35,7.14,0.17,0.52,5.23,0.17,0.87,37.98,0.87,7.84,0.17,0.0,16.9,12.2,3.48,51
2125,531.25,2.54,55.06,29.93,4.8,3.06,1.69,0.42,0.8,0.09,0.0,0.05,1.74,2.54,2.68,9.08,1.98,1.46,0.75,1.08,0.47,6.21,1.84,4.38,2.92,0.71,2.87,1.32,8.52,6.12,1.79,0.33,0.19,0.24,4.42,0.09,0.24,0.05,0.09,10.21,2.54,0.75,1.69,2.02,3.15,1.36,2.26,0.52,0.38,0.38,3.91,1.41,0.89,0.14,1.65,4.71,1.13,1.51,1.32,0.71,0.61,2.96,0.19,0.47,1.27,0.99,11.2,4.28,3.81,5.6,2.16,3.01,0.66,0.38,0.38,0.24,5.93,0.05,1.41,4.38,0.52,0.71,36.19,1.55,2.31,0.0,0.0,4.94,27.39,9.18,52
15190,230.15,0.73,65.43,37.66,5.33,3.05,1.69,0.49,0.68,0.05,0.07,0.07,2.28,3.58,4.86,7.91,3.46,1.55,0.88,1.38,0.76,8.9,0.34,8.56,3.91,0.53,1.47,2.05,8.49,6.04,1.48,0.25,0.13,0.24,7.84,0.68,0.62,0.28,0.15,12.65,3.85,1.23,2.75,1.63,2.79,1.61,3.51,1.04,0.96,0.7,1.91,0.38,0.84,0.27,0.52,7.82,2.56,2.26,2.63,1.29,0.53,3.63,0.76,0.82,1.42,0.69,12.94,3.98,6.08,6.52,3.49,1.85,0.32,0.45,0.32,0.16,3.04,0.05,0.19,2.3,0.38,0.52,8.53,1.18,1.0,0.0,0.06,1.71,4.58,1.82,53
1147,573.5,1.92,58.24,33.48,5.41,4.53,3.57,0.0,0.87,0.09,0.0,0.0,0.87,3.4,3.75,9.07,1.92,0.87,1.74,0.87,0.7,6.19,0.7,5.49,4.18,0.61,3.84,1.92,7.85,5.23,1.57,0.35,0.52,0.52,4.45,0.61,0.35,0.09,0.0,9.5,2.79,0.44,2.09,2.01,1.83,1.66,4.01,0.78,0.96,0.35,4.45,0.78,0.61,0.61,2.7,5.84,1.22,1.48,2.09,1.74,0.61,3.31,0.78,0.7,0.52,1.31,11.33,3.4,4.01,6.45,1.31,2.18,0.17,0.7,0.0,0.09,5.58,0.26,0.61,3.92,0.35,1.13,38.45,0.7,5.49,0.0,0.0,11.6,20.66,6.19,54
1292,34.92,0.85,60.22,34.91,5.42,3.79,2.55,0.62,0.31,0.23,0.08,0.0,1.63,1.93,3.64,10.45,2.55,1.7,1.01,0.93,0.54,8.28,1.47,6.81,3.64,0.77,6.89,2.17,7.28,5.42,1.7,0.23,0.31,0.31,3.79,0.15,0.23,0.15,0.0,13.62,3.56,0.23,2.55,2.4,4.26,1.93,2.86,1.16,0.31,0.62,2.71,0.7,0.62,0.31,1.01,5.19,1.7,0.7,1.39,1.24,0.46,3.41,0.39,0.15,1.01,2.01,7.74,2.71,3.25,3.64,0.77,1.55,0.23,0.39,0.08,0.15,6.73,0.15,0.54,5.65,0.46,0.39,28.25,3.02,2.24,0.0,0.0,4.95,18.03,6.35,55
6634,368.56,7.63,54.84,32.39,5.41,3.39,1.85,0.2,0.96,0.32,0.06,0.0,2.02,2.74,3.56,8.91,1.63,1.67,0.57,0.77,0.51,7.85,0.87,6.98,4.58,0.63,2.38,1.96,7.63,5.0,1.79,0.32,0.23,0.41,5.71,0.38,0.32,0.45,0.06,11.12,3.57,0.83,2.58,2.56,2.02,1.46,2.46,0.77,0.57,0.35,2.44,0.56,0.78,0.27,0.86,4.91,1.28,1.12,1.24,1.31,0.69,3.84,0.53,0.65,0.99,1.82,11.05,2.64,3.81,6.68,1.04,1.21,0.23,0.38,0.35,0.14,5.03,0.09,0.42,3.78,0.45,0.9,35.98,1.39,5.76,0.02,0.33,11.56,16.93,3.26,56
1967,98.35,0.1,62.07,39.91,5.19,3.2,2.8,0.1,0.1,0.15,0.05,0.0,1.98,4.22,3.76,10.52,3.05,1.53,0.86,1.47,0.36,10.17,1.68,8.49,4.22,0.51,1.73,2.24,7.27,4.27,1.98,0.41,0.25,0.25,3.56,0.15,0.05,0.1,0.2,12.46,5.39,1.02,1.53,1.78,2.03,2.19,3.41,1.17,0.56,0.31,2.8,0.51,0.61,0.2,1.53,4.17,0.66,1.02,1.12,1.07,0.71,6.41,0.56,0.86,1.63,3.3,13.68,4.27,5.13,8.39,1.07,2.44,0.56,0.61,0.0,0.0,6.46,0.1,0.36,4.88,0.36,1.53,23.54,4.22,4.27,0.0,0.0,8.44,6.61,1.63,57
830,166.0,0.96,61.93,38.19,8.07,6.14,3.98,0.36,0.6,0.84,0.12,0.24,1.93,3.49,5.42,9.04,1.57,1.33,0.96,0.84,0.72,7.71,1.08,6.63,3.37,0.96,2.29,0.96,8.67,5.9,1.81,0.48,0.12,0.24,6.02,0.36,0.12,0.12,0.12,12.05,4.94,0.72,3.61,2.65,1.93,1.08,4.46,1.57,0.96,0.36,2.17,0.6,0.36,0.36,0.84,6.14,1.08,0.96,1.57,2.05,0.72,4.58,0.24,0.48,1.33,2.65,10.84,4.1,3.61,6.14,1.93,1.45,0.48,0.48,0.12,0.12,7.95,0.0,0.72,6.51,0.36,0.36,42.29,6.63,6.63,0.0,0.12,13.98,14.94,4.94,58
